time,sp,pv,mv
0.0,1.0,0.0,0.0
0.6006006006006006,1.0,0.0035987309721837984,1.2770450503852995
1.2012012012012012,1.0,0.007168273586104493,1.3170569057498518
1.8018018018018018,1.0,0.010679676222578587,1.3570687611144043
2.4024024024024024,1.0,0.014104458820453514,1.3970806164789569
3.003003003003003,1.0,0.017414843870876107,1.4370924718435092
3.6036036036036037,1.0,0.02058398171334454,1.4771043272080617
4.2042042042042045,1.0,0.02358616830622687,1.517116182572614
4.804804804804805,1.0,0.026397053705466984,1.5571280379371666
5.405405405405405,1.0,0.02899383956056196,1.5971398933017191
6.006006006006006,1.0,0.06966681553753218,1.6371517486662717
6.606606606606607,1.0,0.11032804748446912,1.4805216684974993
7.207207207207207,1.0,0.15095437928029806,1.4227886952075293
7.807807807807808,1.0,0.19152500772789707,1.3946338742896645
8.408408408408409,1.0,0.23202159953689427,1.3744494122948703
9.00900900900901,1.0,0.2724283895673639,1.3554985741516368
9.60960960960961,1.0,0.3127322595052508,1.3356798058274635
10.21021021021021,1.0,0.3529227962998745,1.3143363298535635
10.81081081081081,1.0,0.3929923298587977,1.2912617324200724
11.411411411411411,1.0,0.4329359496643491,1.2663900154043572
12.012012012012011,1.0,0.4668522420818028,1.2396989881460412
12.612612612612613,1.0,0.49785617529024934,1.241459470897766
13.213213213213214,1.0,0.52690797114642,1.240261830315523
13.813813813813814,1.0,0.5542983081204691,1.234688341762902
14.414414414414415,1.0,0.5801111692117101,1.2269428893406955
15.015015015015015,1.0,0.604368020661899,1.2185734506111263
15.615615615615615,1.0,0.6270726527397458,1.210367453966594
16.216216216216218,1.0,0.6482250463226839,1.202702102064698
16.816816816816818,1.0,0.6678255742783266,1.1957729176319323
17.41741741741742,1.0,0.6858761803303837,1.1897021762459676
18.01801801801802,1.0,0.7032889863405718,1.184584294195303
18.61861861861862,1.0,0.7200129634234151,1.1758411153241726
19.21921921921922,1.0,0.7359575914069352,1.166217887032583
19.81981981981982,1.0,0.7511023034944471,1.156862429490237
20.42042042042042,1.0,0.7654748565864719,1.1479012284352568
21.02102102102102,1.0,0.7791270919523297,1.139192064510267
21.62162162162162,1.0,0.7921218022165268,1.1305897340722046
22.22222222222222,1.0,0.8045267754910091,1.121992598322947
22.822822822822822,1.0,0.8164122357131309,1.1133314473599611
23.423423423423422,1.0,0.827849704861691,1.1045535586354398
24.024024024024023,1.0,0.8387715504292135,1.0956124376767538
24.624624624624627,1.0,0.8491939236638502,1.0871804623932668
25.225225225225227,1.0,0.8591665015767721,1.0791346656477985
25.825825825825827,1.0,0.8687407722797535,1.071285776482373
26.426426426426428,1.0,0.8779616980838858,1.0635539796373592
27.027027027027028,1.0,0.8868675665288916,1.0559317636894467
27.62762762762763,1.0,0.8954912512997467,1.0484377741683462
28.22822822822823,1.0,0.9038611189577853,1.0410953716502447
28.82882882882883,1.0,0.9120014478073512,1.0339266681111579
29.42942942942943,1.0,0.9199325430907662,1.026952380688561
30.03003003003003,1.0,0.9276922446210846,1.020192993604272
30.63063063063063,1.0,0.9353114874700263,1.013559252738372
31.23123123123123,1.0,0.9428123632846843,1.0070341566600391
31.83183183183183,1.0,0.9502115222571115,1.0006361330009181
32.432432432432435,1.0,0.957522395722711,0.9943821040700611
33.033033033033036,1.0,0.9647559996906387,0.9882791478892193
33.633633633633636,1.0,0.971921096432241,0.9823273116927022
34.234234234234236,1.0,0.9790241948503011,0.9765231746363767
34.83483483483484,1.0,0.9860695683320034,0.9708617630616863
35.43543543543544,1.0,0.993059328866074,0.9653371968990943
36.03603603603604,1.0,0.9999902357924996,0.9599427429767841
36.63663663663664,1.0,1.0068560653326077,0.954687697068883
37.23723723723724,1.0,1.0136488368876644,0.9495772237378951
37.83783783783784,1.0,1.0203589206433963,0.944610052705812
38.43843843843844,1.0,1.0269749114275943,0.9397826139993961
39.03903903903904,1.0,1.0334836082005958,0.9350916445050181
39.63963963963964,1.0,1.039870117829683,0.9305347990122904
40.24024024024024,1.0,1.0461180292955503,0.9261104595141284
40.84084084084084,1.0,1.052209617056546,0.9218174654017071
41.44144144144144,1.0,1.0581260534867007,0.9176549697047056
42.04204204204204,1.0,1.0638481333588143,0.9136224108972146
42.64264264264264,1.0,1.0693563845528817,0.9097169282651315
43.24324324324324,1.0,1.0746311142035012,0.9059352839483835
43.84384384384384,1.0,1.079652583177608,0.9022749144685346
44.44444444444444,1.0,1.084401257886614,0.8987337750861707
45.04504504504504,1.0,1.0888580756759187,0.895309946666156
45.645645645645644,1.0,1.093004697429218,0.8920014144437364
46.246246246246244,1.0,1.096823743366731,0.8888060091913375
46.846846846846844,1.0,1.1002990142909455,0.8857214154307581
47.447447447447445,1.0,1.1034157001979896,0.8827451873080174
48.048048048048045,1.0,1.1061604980154103,0.8798747523142598
48.64864864864865,1.0,1.1085217741423776,0.8771078054127769
49.24924924924925,1.0,1.1104897428411673,0.874442192103919
49.84984984984985,1.0,1.1120566222472223,0.8718757211439292
50.450450450450454,1.0,1.1132167599187444,0.8694061163115149
51.051051051051054,1.0,1.1139667324502867,0.8670310515639346
51.651651651651655,1.0,1.1143054234077878,0.8647481948705775
52.252252252252255,1.0,1.114234081016694,0.8625552349182917
52.852852852852855,1.0,1.113756355367966,0.8604498935292548
53.453453453453456,1.0,1.1128783144764318,0.858429932244546
54.054054054054056,1.0,1.11160845078428,0.8564931585760625
54.65465465465466,1.0,1.10995766253875,0.8546373719396828
55.25525525525526,1.0,1.107939208257861,0.8528603601208902
55.85585585585586,1.0,1.1055686390009614,0.8511599249928307
56.45645645645646,1.0,1.1028637115507345,0.8495339003097363
57.05705705705706,1.0,1.099844283471382,0.8479801553055843
57.65765765765766,1.0,1.0965321903846752,0.8464965916818734
58.25825825825826,1.0,1.0929511060542605,0.8450811401082892
58.85885885885886,1.0,1.0891263862747718,0.8437317581042452
59.45945945945946,1.0,1.0850848978638086,0.8424464289154026
60.06006006006006,1.0,1.0808548323767615,0.8412231605540816
60.66066066066066,1.0,1.0764655076449468,0.8400599939888024
61.26126126126126,1.0,1.071947159657264,0.8389550076448684
61.86186186186186,1.0,1.067330726252098,0.8379063163062304
62.46246246246246,1.0,1.0626476239743672,0.8369120688556141
63.06306306306306,1.0,1.0579295197464396,0.8359704473840226
63.66366366366366,1.0,1.0532080992307031,0.835079667624097
64.26426426426427,1.0,1.048514833842959,0.8342379799070873
64.86486486486487,1.0,1.04388074837264,0.8334436701194927
65.46546546546547,1.0,1.0393361911340753,0.8326950605244133
66.06606606606607,1.0,1.034910608820829,0.831990510511199
66.66666666666667,1.0,1.0306323278061522,0.8313284159068174
67.26726726726727,1.0,1.026528343526179,0.8307072081837577
67.86786786786787,1.0,1.0226241196532213,0.8301253543609168
68.46846846846847,1.0,1.0189433987625067,0.8295813572949937
69.06906906906907,1.0,1.0155080260990499,0.8290737559069608
69.66966966966967,1.0,1.0123377879194093,0.8286011251774265
70.27027027027027,1.0,1.009450265748254,0.8281620759518359
70.87087087087087,1.0,1.0068607077560459,0.82775525463711
71.47147147147147,1.0,1.0045819183267821,0.8273793428363757
72.07207207207207,1.0,1.0026241666957487,0.8270330569301972
72.67267267267268,1.0,1.0009951154228365,0.8267151478194923
73.27327327327328,1.0,0.9996997693291703,0.8264244007262533
73.87387387387388,1.0,0.998740445348554,0.8261596349002995
74.47447447447448,1.0,0.9981167635610575,0.8259197032156519
75.07507507507508,1.0,0.9978256594987832,0.8257034917129203
75.67567567567568,1.0,0.9978614176421017,0.8255099191328826
76.27627627627628,1.0,0.9982157258547274,0.8253379364550281
76.87687687687688,1.0,0.9988777503370004,0.8251865264378417
77.47747747747748,1.0,0.9998342305099643,0.8250547031557982
78.07807807807808,1.0,1.0010695930870146,0.8249415115322438
78.67867867867868,1.0,1.0025660844304345,0.824846026836642
79.27927927927928,1.0,1.0043039201366595,0.8247673541490878
79.87987987987988,1.0,1.0062614506533842,0.8247046278155372
80.48048048048048,1.0,1.0084153416027721,0.8246570109063107
81.08108108108108,1.0,1.0107407673665636,0.8246236946762394
81.68168168168168,1.0,1.0132116163811504,0.8246038980207879
82.28228228228228,1.0,1.0158007064950474,0.8245968669250094
82.88288288288288,1.0,1.0184800086588763,0.8246018739052408
83.48348348348348,1.0,1.0212208771498346,0.8246182174447393
84.08408408408408,1.0,1.0239942844781622,0.8246452214243418
84.68468468468468,1.0,1.0267710590847323,0.8246822345538896
85.28528528528528,1.0,1.0295221239164725,0.82472862980709
85.88588588588588,1.0,1.032218733959078,0.8247838038582636
86.48648648648648,1.0,1.0348327108144002,0.8248471765192491
87.08708708708708,1.0,1.037336672433202,0.824918190176533
87.68768768768768,1.0,1.0397042561527183,0.8249963092299096
88.28828828828829,1.0,1.0419103332422968,0.8250810195340785
88.88888888888889,1.0,1.0439312132288732,0.8251718278442135
89.48948948948949,1.0,1.0457448363565198,0.8252682612662247
90.09009009009009,1.0,1.047330952630293,0.8253698667123123
90.69069069069069,1.0,1.0486712860030885,0.8254762103616233
91.29129129129129,1.0,1.049749682384244,0.8255868771258953
91.89189189189189,1.0,1.0505522402794087,0.8257014701206004
92.49249249249249,1.0,1.051067423011681,0.8258196101423028
93.09309309309309,1.0,1.051286151623071,0.8259409351528255
93.69369369369369,1.0,1.0512018777117145,0.8260650997705078
94.29429429429429,1.0,1.0508106356226732,0.826191774768764
94.89489489489489,1.0,1.050111073577285,0.8263206465820719
95.49549549549549,1.0,1.049104463496528,0.8264514168195624
96.09609609609609,1.0,1.0477946894463397,0.8265838017863646
96.6966966966967,1.0,1.0461882148058843,0.8267175320129486
97.2972972972973,1.0,1.0442940284320568,0.8268523517927437
97.8978978978979,1.0,1.0421235702635685,0.8269880187281864
98.4984984984985,1.0,1.039690636974453,0.827124303285294
99.0990990990991,1.0,1.0370112684483628,0.8272609883568167
99.6996996996997,1.0,1.0341036160003152,0.8273978688340246
100.30030030030031,1.0,1.0309877934203213,0.8275347511872222
100.90090090090091,1.0,1.0276857120524028,0.8276714530550393
101.50150150150151,1.0,1.0242209012517423,0.8278078028425675
102.10210210210211,1.0,1.0206183156810635,0.8279436393283715
102.70270270270271,1.0,1.016904131013862,0.8280788112803907
103.30330330330331,1.0,1.0131055297059,0.8282131770807099
103.90390390390391,1.0,1.0092504785767284,0.8283466043591796
104.50450450450451,1.0,1.0053675000092008,0.8284789696358644
105.10510510510511,1.0,1.001485438626513,0.8286101579722858
105.70570570570571,1.0,0.9976332253427794,0.8287400626314292
106.30630630630631,1.0,0.9938396407042716,0.8288685847464562
106.90690690690691,1.0,0.9901330794440171,0.8289956329980679
107.50750750750751,1.0,0.9865413181624335,0.8291211233004415
108.10810810810811,1.0,0.9830912880211522,0.8292449784956607
108.70870870870871,1.0,0.979808854296354,0.8293671280565607
109.30930930930931,1.0,0.9767186045821494,0.829487507797889
109.90990990990991,1.0,0.9738436473642209,0.8296060595957041
110.51051051051051,1.0,0.9712054225996861,0.8297227311148911
111.11111111111111,1.0,0.9688235258416231,0.8298374755447101
111.71171171171171,1.0,0.966715547336701,0.8299502513422451
112.31231231231232,1.0,0.9648969274027865,0.8300610219836544
112.91291291291292,1.0,0.9633808292612288,0.8301697557230855
113.51351351351352,1.0,0.9621780303568294,0.8302764253591559
114.11411411411412,1.0,0.961296833048445,0.8303810080088557
114.71471471471472,1.0,0.9607429953959425,0.8304834848887489
115.31531531531532,1.0,0.9605196826061267,0.8305838411033526
115.91591591591592,1.0,0.9606274395325983,0.8306820654405496
116.51651651651652,1.0,0.9610641844536364,0.8307781501739094
117.11711711711712,1.0,0.9618252241795295,0.8308720908717757
117.71771771771772,1.0,0.962903290367688,0.8309638862129878
118.31831831831832,1.0,0.9642885967517755,0.8310535378090961
118.91891891891892,1.0,0.9659689168213885,0.8311410500329369
119.51951951951952,1.0,0.9679296813228643,0.8312264298534249
120.12012012012012,1.0,0.9701540947909597,0.8313096866764225
120.72072072072072,1.0,0.9726232701667181,0.8313908321915549
121.32132132132132,1.0,0.9753163804100842,0.8314698802248238
121.92192192192192,1.0,0.9782108258779172,0.8315468465968809
122.52252252252252,1.0,0.9812824161101299,0.8316217489868317
123.12312312312312,1.0,0.9845055645497575,0.8316946068014228
123.72372372372372,1.0,0.9878534946178049,0.8317654410494805
124.32432432432432,1.0,0.9912984554715724,0.8318342742214646
124.92492492492492,1.0,0.9948119456965714,0.831901130174
125.52552552552552,1.0,0.9983649431177488,0.8319660340192574
126.12612612612612,1.0,1.0019281388660612,0.8320290120190434
126.72672672672672,1.0,1.0054721738018875,0.8320900914834775
127.32732732732732,1.0,1.008967875377613,0.8321493006741173
127.92792792792793,1.0,1.0123864930181194,0.8322066687114131
128.52852852852854,1.0,1.0156999301099043,0.8322622254863564
129.12912912912913,1.0,1.018880970717025,0.8323160015762078
129.72972972972974,1.0,1.0219034991848046,0.8323680281641677
130.33033033033033,1.0,1.024742710849895,0.832418336962886
130.93093093093094,1.0,1.0273753121473996,0.8324669601416745
131.53153153153153,1.0,1.0297797084917306,0.8325139302573163
132.13213213213214,1.0,1.0319361784070213,0.8325592801883527
132.73273273273273,1.0,1.0338270324944199,0.8326030430727341
133.33333333333334,1.0,1.0354367559465487,0.8326452522487252
133.93393393393393,1.0,1.0367521334528542,0.8326859411989531
134.53453453453454,1.0,1.0377623554823643,0.8327251434974956
135.13513513513513,1.0,1.0384591050814145,0.8327628927598971
135.73573573573574,1.0,1.0388366244819143,0.8327992225960206
136.33633633633633,1.0,1.038891760979478,0.8328341665656235
136.93693693693695,1.0,1.0386239917088615,0.8328677581365671
137.53753753753753,1.0,1.0380354271153,0.8329000306455591
138.13813813813815,1.0,1.037130793093126,0.832931017261339
138.73873873873873,1.0,1.0359173919360618,0.8329607509502094
139.33933933933935,1.0,1.0344050424154307,0.8329892644438283
139.93993993993993,1.0,1.0326059994718113,0.8330165902091724
140.54054054054055,1.0,1.0305348541710047,0.8330427604205863
141.14114114114113,1.0,1.0282084147352613,0.8330678069338348
141.74174174174175,1.0,1.0256455696141893,0.8330917612620764
142.34234234234233,1.0,1.0228671337054531,0.8331146545536827
142.94294294294295,1.0,1.0198956789720246,0.8331365175718191
143.54354354354354,1.0,1.0167553508293152,0.8331573806757225
144.14414414414415,1.0,1.017221671790926,0.8331772738035929
144.74474474474474,1.0,1.017477583965101,0.8139484779658981
145.34534534534535,1.0,1.0175530758344002,0.8050021013394435
145.94594594594594,1.0,1.0174788052341406,0.7992308864778429
146.54654654654655,1.0,1.0172858702537657,0.794420332243493
147.14714714714714,1.0,1.0170055760854848,0.7898809338970774
147.74774774774775,1.0,1.016669199723235,0.7853984921466728
148.34834834834834,1.0,1.0163077544321373,0.7809069371866414
148.94894894894895,1.0,1.015951755910191,0.7763863522035116
149.54954954954954,1.0,1.0156309920499231,0.7718311889133873
150.15015015015015,1.0,1.0147968657235011,0.7672403611252931
150.75075075075074,1.0,1.0137999779741813,0.7655779639956445
151.35135135135135,1.0,1.0127682594941372,0.7636778035970139
151.95195195195194,1.0,1.0117590880502565,0.7614085626273825
152.55255255255256,1.0,1.010806577635805,0.758997529465633
153.15315315315314,1.0,1.0099362039449744,0.7566006697917323
153.75375375375376,1.0,1.009169259958037,0.7542946185717855
154.35435435435437,1.0,1.0085241535250327,0.7521134560346081
154.95495495495496,1.0,1.0080167332127685,0.7500724115345803
155.55555555555557,1.0,1.0076603244876678,0.7481790678066151
156.15615615615616,1.0,1.0075546035579994,0.7464380431978483
156.75675675675677,1.0,1.0076994034168605,0.7443964497156039
157.35735735735736,1.0,1.0080881488912454,0.7423324201365182
157.95795795795797,1.0,1.008718687742962,0.7403590132602971
158.55855855855856,1.0,1.009590973904893,0.7384857751692904
159.15915915915917,1.0,1.0107045896996054,0.7366956514638439
159.75975975975976,1.0,1.0120574549521475,0.7349718300296083
160.36036036036037,1.0,1.0136453013521525,0.7333022897689547
160.96096096096096,1.0,1.0154615179593631,0.7316785604704134
161.56156156156158,1.0,1.017497162749446,0.7300940511518863
162.16216216216216,1.0,1.0197273589836446,0.7285429869723289
162.76276276276278,1.0,1.0221337083402389,0.727090138857414
163.36336336336336,1.0,1.0246992810506637,0.7257203982230701
163.96396396396398,1.0,1.0274055974492664,0.7244126398920151
164.56456456456456,1.0,1.030232010677783,0.7231571143281149
165.16516516516518,1.0,1.0331559272801292,0.7219514547068434
165.76576576576576,1.0,1.0361531746283787,0.7207959286383193
166.36636636636638,1.0,1.0391983364236617,0.7196912568396711
166.96696696696696,1.0,1.0422650425873787,0.7186380151985877
167.56756756756758,1.0,1.0453262312982352,0.7176366249923227
168.16816816816817,1.0,1.0483565059195317,0.7166874714591799
168.76876876876878,1.0,1.051329927986586,0.7157801862898787
169.36936936936937,1.0,1.0542200871249725,0.7149117982350932
169.96996996996998,1.0,1.0570006949346507,0.7140828969621823
170.57057057057057,1.0,1.0596460462327155,0.7132939062633757
171.17117117117118,1.0,1.0621313263410037,0.7125442730136624
171.77177177177177,1.0,1.0644328433063484,0.7118327731681221
172.37237237237238,1.0,1.0665282324781054,0.7111578815063517
172.97297297297297,1.0,1.068396649856516,0.7105179685368741
173.57357357357358,1.0,1.07001895646826,0.7099113670335392
174.17417417417417,1.0,1.0713775670985795,0.7093363784340132
174.77477477477478,1.0,1.0724568360791409,0.7087929262723174
175.37537537537537,1.0,1.0732433054585107,0.7082805320336634
175.97597597597598,1.0,1.0737258207365414,0.7077981022657691
176.57657657657657,1.0,1.0738956035234186,0.7073443526019707
177.17717717717719,1.0,1.0737463144173363,0.7069180688773492
177.77777777777777,1.0,1.0732741071027192,0.706518164738772
178.3783783783784,1.0,1.0724776676966667,0.706143658973621
178.97897897897897,1.0,1.071358234951354,0.7057936458060051
179.5795795795796,1.0,1.069919599300318,0.7054672784613566
180.18018018018017,1.0,1.0681681301710713,0.7051637645579267
180.7807807807808,1.0,1.0661127201858176,0.7048821114129133
181.38138138138137,1.0,1.0637647024975714,0.7046213204519887
181.981981981982,1.0,1.0611377610498611,0.7043804903198675
182.58258258258257,1.0,1.058247829236262,0.7041587985998558
183.1831831831832,1.0,1.0551129715069398,0.7039554608599897
183.78378378378378,1.0,1.0517532464753323,0.703769707808447
184.3843843843844,1.0,1.048190552480267,0.7036007790609337
184.98498498498498,1.0,1.0444484573067891,0.7034479236659774
185.5855855855856,1.0,1.0405520138389421,0.7033104013638605
186.18618618618618,1.0,1.0365275556635627,0.7031874826165311
186.7867867867868,1.0,1.0324024879073475,0.7030784868504454
187.38738738738738,1.0,1.0282050721227383,0.7029827694773613
187.987987987988,1.0,1.0239642032807896,0.7028997024362214
188.58858858858858,1.0,1.0197091800424454,0.7028286689550313
189.1891891891892,1.0,1.0154694707636158,0.7027690666392479
189.78978978978978,1.0,1.0112744776587712,0.7027203113128245
190.3903903903904,1.0,1.007153301252388,0.7026818390623844
190.99099099099098,1.0,1.0031345070592432,0.7026531068188986
191.5915915915916,1.0,0.9992458963571331,0.7026335923500888
192.19219219219218,1.0,0.9955142840663843,0.7026227942206353
192.7927927927928,1.0,0.9919652839902707,0.7026202258495219
193.3933933933934,1.0,0.9886231029885566,0.7026254146998148
193.993993993994,1.0,0.9855103462044146,0.7026379043571487
194.5945945945946,1.0,0.9826478351859619,0.7026572557674173
195.1951951951952,1.0,0.9800544404060765,0.70268304704629
195.7957957957958,1.0,0.9777469294911022,0.7027148726476049
196.3963963963964,1.0,0.975739832353373,0.7027523425101639
196.996996996997,1.0,0.97404532431262,0.7027950813664166
197.5975975975976,1.0,0.9726731281623497,0.7028427281702017
198.1981981981982,1.0,0.9716304358072984,0.7028949355584667
198.7987987987988,1.0,0.9709218502731423,0.7029513702253847
199.3993993993994,1.0,0.9705493486527662,0.703011712923666
200.0,1.0,0.9705122662698509,0.7030756579178167
200.60060060060061,1.0,0.9708073021516257,0.7031429123407992
201.2012012012012,1.0,0.9714285457542822,0.7032131957048923
201.80180180180182,1.0,0.9723675247308533,0.703286239557445
202.4024024024024,1.0,0.9736132733658269,0.703361787198661
203.00300300300302,1.0,0.9751524211313956,0.7034395934081882
203.6036036036036,1.0,0.9769693006540993,0.7035194241670161
204.20420420420422,1.0,0.9790460742492364,0.7036010563810605
204.8048048048048,1.0,0.9813628779905212,0.7036842774726128
205.40540540540542,1.0,0.983897982135152,0.7037688849744543
206.006006006006,1.0,0.9866279666054782,0.703854686204493
206.60660660660662,1.0,0.9895279101136606,0.7039414979888199
207.2072072072072,1.0,0.9925715914044079,0.7040291463870566
207.80780780780782,1.0,0.995731700989802,0.7041174664036829
208.4084084084084,1.0,0.9989800616633012,0.7042063016897753
209.00900900900902,1.0,1.0022878560082191,0.7042955042434417
209.6096096096096,1.0,1.0056258590592806,0.7043849341135755
210.21021021021022,1.0,1.0089646742298812,0.7044744591076327
210.8108108108108,1.0,1.012274970595137,0.704563954524369
211.41141141141142,1.0,1.015527719611967,0.7046533029005979
212.012012012012,1.0,1.0186944293608278,0.7047423937566608
212.61261261261262,1.0,1.0217473744122547,0.7048311233390536
213.2132132132132,1.0,1.0246598194562173,0.7049193943658127
213.81381381381382,1.0,1.0274062348828898,0.7050071157789953
214.4144144144144,1.0,1.0299625025688317,0.7050942025053856
215.01501501501502,1.0,1.0323061102020188,0.7051805752248477
215.6156156156156,1.0,1.0344163325720106,0.7052661601455946
216.21621621621622,1.0,1.0362743983577527,0.7053508887860771
216.8168168168168,1.0,1.0378636410626845,0.7054346977601996
217.41741741741743,1.0,1.039169632874803,0.7055175285660441
218.018018018018,1.0,1.0401803003676826,0.7055993273802803
218.61861861861863,1.0,1.0408860211057869,0.7056800448593276
219.2192192192192,1.0,1.0412797003723224,0.7057596359468808
219.81981981981983,1.0,1.0413568273990244,0.7058380596870559
220.4204204204204,1.0,1.0411155106434078,0.7059152790426746
221.02102102102103,1.0,1.0405564918288364,0.7059912607185075
221.6216216216216,1.0,1.0396831386349117,0.7060659749894457
222.22222222222223,1.0,1.0385014160986592,0.7061393955335526
222.82282282282281,1.0,1.0370198369595804,0.7062114992704
223.42342342342343,1.0,1.0352493913524163,0.7062822662047925
224.02402402402402,1.0,1.0332034564189108,0.7063516792755536
224.62462462462463,1.0,1.0308976865726664,0.7064197242090442
225.22522522522522,1.0,1.028349885307995,0.7064863893772809
225.82582582582583,1.0,1.025579859593283,0.7065516656606303
226.42642642642642,1.0,1.0226092580305695,0.7066155463150753
227.02702702702703,1.0,1.0194613940946498,0.706678026844014
227.62762762762762,1.0,1.0161610558859597,0.7067391048745213
228.22822822822823,1.0,1.0127343039408503,0.7067987800379829
228.82882882882882,1.0,1.0092082587396616,0.7068570538549597
229.42942942942943,1.0,1.005610879636518,0.7069139296241314
230.03003003003002,1.0,1.001970737004267,0.706969412315239
230.63063063063063,1.0,0.9983167794429841,0.7070235084659812
231.23123123123125,1.0,0.9946780979404426,0.707076226082789
231.83183183183183,1.0,0.9910836888976406,0.7071275745453929
232.43243243243245,1.0,0.9875622179416405,0.7071775645150762
233.03303303303304,1.0,0.9841417864415426,0.7072262078465235
233.63363363363365,1.0,0.9808497026214714,0.7072735175031557
234.23423423423424,1.0,0.9777122591271056,0.7073195074758672
234.83483483483485,1.0,0.9747545188499345,0.7073641927050804
235.43543543543544,1.0,0.9720001107463871,0.7074075890060388
236.03603603603605,1.0,0.9694710373079105,0.7074497129972526
236.63663663663664,1.0,0.9671874952435285,0.7074905820320135
237.23723723723725,1.0,0.9651677108292411,0.7075302141328791
237.83783783783784,1.0,0.9634277912596233,0.7075686279290464
238.43843843843845,1.0,0.9619815932071836,0.7076058425965319
239.03903903903904,1.0,0.9608406096554429,0.7076418778010733
239.63963963963965,1.0,0.9600138759234673,0.707676753643676
240.24024024024024,1.0,0.9595078956439055,0.7077104906087239
240.84084084084085,1.0,0.9593265872947356,0.7077431095145796
241.44144144144144,1.0,0.9594712517181956,0.7077746314665876
242.04204204204206,1.0,0.9599405608901393,0.7078050778124098
242.64264264264264,1.0,0.9607305680306891,0.7078344700996143
243.24324324324326,1.0,0.9618347389739461,0.7078628300354456
243.84384384384384,1.0,0.9632440045420853,0.7078901794487068
244.44444444444446,1.0,0.9649468334987864,0.7079165402536761
245.04504504504504,1.0,0.9669293254900317,0.7079419344159981
245.64564564564566,1.0,0.9691753232181762,0.7079663839204716
246.24624624624624,1.0,0.9716665429391982,0.7079899107406725
246.84684684684686,1.0,0.9743827222244064,0.7080125368103444
247.44744744744744,1.0,0.9773017837878596,0.7080342839964944
248.04804804804806,1.0,0.9804000140504281,0.7080551740741295
248.64864864864865,1.0,0.9836522549919113,0.7080752287025748
249.24924924924926,1.0,0.9870321077348342,0.7080944694033117
249.84984984984985,1.0,0.9905121462083982,0.7081129175392805
250.45045045045046,1.0,0.9940641391592916,0.7081305942955868
251.05105105105105,1.0,0.9976592787083759,0.708147520661561
251.65165165165166,1.0,1.0012684135991552,0.7081637174141108
252.25225225225225,1.0,1.0048622852458984,0.7081792051023186
252.85285285285286,1.0,1.008411764666555,0.7081940040332333
253.45345345345345,1.0,1.011888088378453,0.7082081342588022
254.05405405405406,1.0,1.0152630913431546,0.7082216155638957
254.65465465465465,1.0,1.0185094350708037,0.7082344674553832
255.25525525525526,1.0,1.0216008290335368,0.7082467091522072
255.85585585585585,1.0,1.0245122435918221,0.7082583595764119
256.45645645645646,1.0,1.027220112706408,0.7082694373450863
257.0570570570571,1.0,1.029702524791429,0.7082799607631819
257.65765765765764,1.0,1.0319394001603854,0.7082899478171543
258.25825825825825,1.0,1.033912653625477,0.7082994161694002
258.85885885885887,1.0,1.0356063409311707,0.708308383153447
259.4594594594595,1.0,1.0370067878340206,0.7083168657698548
260.06006006006004,1.0,1.0381027007814976,0.7083248806828013
260.66066066066065,1.0,1.0388852582918464,0.7083324442173105
261.26126126126127,1.0,1.039348182293514,0.7083395723570924
261.8618618618619,1.0,1.0394877888452438,0.7083462807429648
262.46246246246244,1.0,1.0393030178251692,0.7083525846718169
263.06306306306305,1.0,1.0387954413478213,0.7083584990960975
263.66366366366367,1.0,1.0379692508405076,0.7083640386237849
264.2642642642643,1.0,1.0368312228836003,0.708369217518825
264.86486486486484,1.0,1.0353906640915316,0.7083740497019919
265.46546546546546,1.0,1.033659335481279,0.7083785487521654
266.06606606606607,1.0,1.0316513569415147,0.7083827279079842
266.6666666666667,1.0,1.0293830925769794,0.7083866000698591
267.26726726726724,1.0,1.0268730178577816,0.7083901778023193
267.86786786786786,1.0,1.0241415696508838,0.708393473336671
268.4684684684685,1.0,1.0212109803498954,0.708396498573946
269.0690690690691,1.0,1.0181050974482635,0.7083992650881202
269.6696696696697,1.0,1.0148491900190255,0.7084017841295813
270.27027027027026,1.0,1.0114697436704883,0.708404066628826
270.8708708708709,1.0,1.0079942456406754,0.7084061232003745
271.4714714714715,1.0,1.0044509617733657,0.7084079641468727
272.0720720720721,1.0,1.0008687071844053,0.7084095994633787
272.67267267267266,1.0,0.9972766124781476,0.7084110388418077
273.2732732732733,1.0,0.9937038874099825,0.7084122916755282
273.8738738738739,1.0,0.9901795839116243,0.708413367064084
274.4744744744745,1.0,0.9867323604010143,0.7084142738180412
275.07507507507506,1.0,0.983390249288264,0.7084150204639376
275.6756756756757,1.0,0.9801804295631656,0.7084156152493212
276.2762762762763,1.0,0.9771290063085669,0.7084160661478774
276.8768768768769,1.0,0.9742607989277579,0.7084163808646168
277.47747747747746,1.0,0.9715991398033258,0.7084165668411264
278.0780780780781,1.0,0.9691656850203502,0.7084166312608643
278.6786786786787,1.0,0.966980238688947,0.7084165810544979
279.2792792792793,1.0,0.9650605922908917,0.7084164229052654
279.87987987987987,1.0,0.963422380353182,0.7084161632543602
280.4804804804805,1.0,0.9620789536189988,0.7084158083063246
281.0810810810811,1.0,0.9610412707445958,0.7084153640344505
281.6816816816817,1.0,0.9603178094004086,0.7084148361861735
282.28228228228227,1.0,0.9599144974972809,0.7084142302884561
282.8828828828829,1.0,0.9598346650954943,0.7084135516531567
283.4834834834835,1.0,0.9600790173865291,0.7084128053823721
284.0840840840841,1.0,0.9606456289665765,0.7084119963737519
284.68468468468467,1.0,0.9615299594481345,0.7084111293257789
285.2852852852853,1.0,0.9627248902829574,0.7084102087430102
285.8858858858859,1.0,0.9642207824975892,0.7084092389412717
286.4864864864865,1.0,0.9660055548731008,0.7084082240528058
287.08708708708707,1.0,0.9680647819348388,0.7084071680313684
287.6876876876877,1.0,0.9703818109573195,0.7084060746572639
288.2882882882883,1.0,0.9729378970351822,0.7084049475423265
288.8888888888889,1.0,0.9757123551245866,0.7084037901348336
289.4894894894895,1.0,0.9786827278218038,0.7084026057243563
290.0900900900901,1.0,0.9818249675181075,0.708401397446541
290.6906906906907,1.0,0.9851136314534831,0.7084001682878167
291.2912912912913,1.0,0.9885220880870409,0.7083989210900346
291.8918918918919,1.0,0.9920227331102539,0.7083976585550272
292.4924924924925,1.0,0.9955872133509172,0.7083963832490957
293.0930930930931,1.0,0.9991866567517416,0.7083950976074127
293.6936936936937,1.0,1.0027919065582163,0.7083938039383508
294.2942942942943,1.0,1.0063737578162506,0.7083925044277289
294.8948948948949,1.0,1.0099031942613572,0.7083912011429749
295.4954954954955,1.0,1.0133516236779851,0.708389896037206
296.0960960960961,1.0,1.0166911098200024,0.708388590953228
296.6966966966967,1.0,1.0198945990112376,0.708387287627447
297.2972972972973,1.0,1.0229361395881305,0.7083859876937019
297.8978978978979,1.0,1.0257910924046079,0.7083846926870058
298.4984984984985,1.0,1.0284363306917854,0.7083834040472092
299.0990990990991,1.0,1.03085042765145,0.7083821231225756
299.6996996996997,1.0,1.0330138302617555,0.7083808511732718
300.3003003003003,1.0,1.0349090178854063,0.7083795893747744
300.9009009009009,1.0,1.0365206443938606,0.7083783388211964
301.5015015015015,1.0,1.0378356626547898,0.708377100528524
302.1021021021021,1.0,1.038843430373072,0.7083758754377736
302.7027027027027,1.0,1.0395357964268483,0.7083746644180675
303.3033033033033,1.0,1.0399071669983535,0.7083734682696265
303.9039039039039,1.0,1.0399545509631354,0.70837228772668
304.5045045045045,1.0,1.0396775841694876,0.7083711234602991
305.1051051051051,1.0,1.0390785324111538,0.708369976081148
305.7057057057057,1.0,1.0381622730691653,0.7083688461421572
306.3063063063063,1.0,1.036936255571693,0.7083677341411216
306.9069069069069,1.0,1.0354104409925904,0.7083666405232185
307.5075075075075,1.0,1.0335972212785094,0.7083655656834512
308.1081081081081,1.0,1.0315113187597016,0.7083645099690228
308.70870870870874,1.0,1.029169666759527,0.7083634736816296
309.3093093093093,1.0,1.0265912722710016,0.7083624570796861
309.9099099099099,1.0,1.0237970618141645,0.7083614603804826
310.5105105105105,1.0,1.0208097117244603,0.7083604837622662
311.11111111111114,1.0,1.0176534642486135,0.7083595273662583
311.7117117117117,1.0,1.014353930939578,0.7083585912986042
312.3123123123123,1.0,1.010937884945169,0.7083576756322556
312.91291291291293,1.0,1.007433043875054,0.7083567804087896
313.51351351351354,1.0,1.0038678450072096,0.708355905640165
314.1141141141141,1.0,1.0002712146570714,0.7083550513104161
314.7147147147147,1.0,0.996672333579963,0.7083542173772838
315.31531531531533,1.0,0.9931004003095512,0.7083534037737915
315.91591591591595,1.0,0.9895843943518271,0.7083526104097629
316.5165165165165,1.0,0.9861528411552739,0.7083518371732749
317.1171171171171,1.0,0.9828335807634889,0.7083510839320677
317.71771771771773,1.0,0.979653542026648,0.708350350534894
318.31831831831835,1.0,0.976638524203127,0.7083496368128134
318.9189189189189,1.0,0.9738129877226434,0.7083489425804412
319.5195195195195,1.0,0.9711998558079875,0.7083482676371433
320.12012012012013,1.0,0.9688203285643316,0.7083476117681844
320.72072072072075,1.0,0.966693711043992,0.7083469747458268
321.3213213213213,1.0,0.9648372566811615,0.7083463563303851
321.9219219219219,1.0,0.9632660273664776,0.7083457562712346
322.52252252252254,1.0,0.9619927712963191,0.7083451743077769
323.12312312312315,1.0,0.9610278195875691,0.70834461017036
323.7237237237237,1.0,0.960379002496373,0.7083440635811648
324.3243243243243,1.0,0.9600515859204228,0.7083435342550419
324.92492492492494,1.0,0.9600482286997817,0.7083430219003162
325.52552552552555,1.0,0.9603689610625721,0.7083425262195513
326.1261261261261,1.0,0.9610111843903534,0.7083420469102805
326.7267267267267,1.0,0.9619696923050932,0.7083415836656974
327.32732732732734,1.0,0.9632367129067044,0.7083411361753138
327.92792792792795,1.0,0.9648019718185736,0.7083407041255882
328.5285285285285,1.0,0.9666527755297395,0.7083402872005187
329.1291291291291,1.0,0.968774114357757,0.7083398850822069
329.72972972972974,1.0,0.9711487841971475,0.7083394974513874
330.33033033033036,1.0,0.9737575260659683,0.7083391239879354
330.9309309309309,1.0,0.9765791823186806,0.7083387643713389
331.5315315315315,1.0,0.9795908682583166,0.7083384182811516
332.13213213213214,1.0,0.9827681577560544,0.708338085397414
332.73273273273276,1.0,0.9860852813726851,0.7083377654010504
333.3333333333333,1.0,0.9895153353750743,0.7083374579742436
333.93393393393393,1.0,0.9930304999523373,0.7083371628007868
334.53453453453454,1.0,0.9966022648618458,0.7083368795664086
335.13513513513516,1.0,1.0002016606749078,0.7083366079590828
335.7357357357357,1.0,1.003799493746561,0.7083363476693114
336.33633633633633,1.0,1.0073665830036969,0.7083360983903937
336.93693693693695,1.0,1.010873996631004,0.7083358598186715
337.53753753753756,1.0,1.0142932867350296,0.7083356316537569
338.1381381381381,1.0,1.0175967200830704,0.7083354135987462
338.73873873873873,1.0,1.020757503045434,0.7083352053604117
339.33933933933935,1.0,1.0237499989166285,0.7083350066493792
339.93993993993996,1.0,1.0265499358528476,0.7083348171802958
340.5405405405405,1.0,1.029134603739236,0.7083346366719716
341.14114114114113,1.0,1.0314830383901918,0.7083344648475173
341.74174174174175,1.0,1.0335761915887218,0.7083343014344649
342.34234234234236,1.0,1.0353970855856984,0.7083341461648729
342.9429429429429,1.0,1.0369309508059308,0.7083339987754229
343.54354354354354,1.0,1.0381653456441469,0.708333859007504
344.14414414414415,1.0,1.0390902573792673,0.7083337266072861
344.74474474474476,1.0,1.0396981833884775,0.7083336013257794
345.3453453453453,1.0,1.039984192002404,0.7083334829188883
345.94594594594594,1.0,1.0399459625078125,0.708333371147454
346.54654654654655,1.0,1.039583803973386,0.7083332657772861
347.14714714714717,1.0,1.0389006527458942,0.7083331665791901
347.7477477477478,1.0,1.0379020486370634,0.7083330733289835
348.34834834834834,1.0,1.0365960899943014,0.7083329858075034
348.94894894894895,1.0,1.0349933680196788,0.7083329038006101
349.54954954954957,1.0,1.0331068808699047,0.7083328270991822
350.1501501501502,1.0,1.0309519282340036,0.7083327554991062
350.75075075075074,1.0,1.0285459872437563,0.7083326888012553
351.35135135135135,1.0,1.0259085707233617,0.7083326268114722
351.95195195195197,1.0,1.023061068928027,0.7083325693405353
352.5525525525526,1.0,1.0200265760551026,0.7083325162041321
353.15315315315314,1.0,1.0168297029348927,0.7083324672228156
353.75375375375376,1.0,1.0134963774203538,0.7083324222219636
354.35435435435437,1.0,1.0100536340946789,0.7083323810317353
354.954954954955,1.0,1.0065293950023886,0.7083323434870181
355.55555555555554,1.0,1.0029522431823756,0.7083323094273771
356.15615615615616,1.0,0.9993511908397057,0.7083322786969976
356.7567567567568,1.0,0.9957554440364906,0.7083322511446252
357.3573573573574,1.0,0.9921941658103537,0.7083322266235065
357.95795795795794,1.0,0.9886962396417839,0.7083322049913209
358.55855855855856,1.0,0.9852900351888283,0.7083321861101174
359.1591591591592,1.0,0.9820031781891969,0.708332169846245
359.7597597597598,1.0,0.9788623263960387,0.7083321560702821
360.36036036036035,1.0,0.975892953364724,0.7083321446569648
360.96096096096096,1.0,0.9731191418442793,0.7083321354851148
361.5615615615616,1.0,0.9705633884492286,0.708332128437562
362.1621621621622,1.0,0.9682464211960952,0.7083321234010723
362.76276276276275,1.0,0.966187031384483,0.7083321202662701
363.36336336336336,1.0,0.9644019211863064,0.7083321189275619
363.963963963964,1.0,0.9629055681793351,0.7083321192830564
364.5645645645646,1.0,0.961710107923787,0.7083321212344881
365.16516516516515,1.0,0.9608252355343655,0.7083321246871397
365.76576576576576,1.0,0.9602581270460627,0.7083321295497609
366.3663663663664,1.0,0.9600133812115137,0.7083321357344912
366.966966966967,1.0,0.9600929822019694,0.7083321431567823
367.56756756756755,1.0,0.9604962835144145,0.7083321517353184
368.16816816816817,1.0,0.9612200132153539,0.7083321613919357
368.7687687687688,1.0,0.9622583004787415,0.7083321720515504
369.3693693693694,1.0,0.9636027232028108,0.7083321836420742
369.96996996996995,1.0,0.9652423763195976,0.708332196094341
370.57057057057057,1.0,0.9671639602431228,0.7083322093420303
371.1711711711712,1.0,0.969351888738849,0.7083322233215904
371.7717717717718,1.0,0.9717884153395193,0.7083322379721635
372.37237237237235,1.0,0.9744537772820467,0.708332253235511
372.97297297297297,1.0,0.9773263557980301,0.708332269055941
373.5735735735736,1.0,0.980382851457813,0.7083322853802319
374.1741741741742,1.0,0.9835984731459299,0.7083323021575663
374.77477477477476,1.0,0.9869471391351978,0.708332319339455
375.37537537537537,1.0,0.990401688628609,0.70833233687967
375.975975975976,1.0,0.9939341020532514,0.7083323547341738
376.5765765765766,1.0,0.9975157283195258,0.7083323728610518
377.17717717717716,1.0,1.0011175172024096,0.708332391220449
377.77777777777777,1.0,1.0047102549599929,0.708332409774497
378.3783783783784,1.0,1.0082648012782431,0.7083324284872579
378.978978978979,1.0,1.0117523256202072,0.7083324473246547
379.57957957957956,1.0,1.01514454106268,0.7083324662544125
380.1801801801802,1.0,1.01841393372376,0.708332485245996
380.7807807807808,1.0,1.021533985920458,0.7083325042705493
381.3813813813814,1.0,1.024479391246395,0.7083325233008387
381.98198198198196,1.0,1.0272262598251463,0.7083325423111959
382.5825825825826,1.0,1.0297523120744798,0.7083325612774598
383.1831831831832,1.0,1.032037059409915,0.7083325801769225
383.7837837837838,1.0,1.0340619704219707,0.7083325989882764
384.38438438438436,1.0,1.0358106211792715,0.7083326176915598
384.984984984985,1.0,1.0372688284384592,0.7083326362681088
385.5855855855856,1.0,1.038424764680466,0.7083326547005052
386.1861861861862,1.0,1.0392690540401288,0.7083326729725269
386.7867867867868,1.0,1.0397948483510817,0.7083326910691026
387.3873873873874,1.0,1.0399978826891503,0.7083327089762645
387.987987987988,1.0,1.039876509963747,0.7083327266811046
388.5885885885886,1.0,1.0394317142767089,0.7083327441717264
389.1891891891892,1.0,1.0386671029402255,0.7083327614372061
389.7897897897898,1.0,1.0375888772186013,0.7083327784675536
390.3903903903904,1.0,1.0362057820311559,0.708332795253664
390.990990990991,1.0,1.0345290350242098,0.7083328117872849
391.5915915915916,1.0,1.0325722355874343,0.7083328280609776
392.1921921921922,1.0,1.0303512545525124,0.7083328440680778
392.7927927927928,1.0,1.0278841054687313,0.7083328598026603
393.3933933933934,1.0,1.025190798499561,0.7083328752595047
393.993993993994,1.0,1.0222931781252238,0.7083328904340636
394.5945945945946,1.0,1.0192147459676069,0.7083329053224251
395.1951951951952,1.0,1.015980470174538,0.7083329199212882
395.7957957957958,1.0,1.012616582909459,0.7083329342279231
396.3963963963964,1.0,1.0091503675890046,0.7083329482401498
396.996996996997,1.0,1.0056099375941479,0.7083329619563047
397.5975975975976,1.0,1.0020240082497263,0.708332975375216
398.1981981981982,1.0,0.9984216639217647,0.7083329884961742
398.7987987987988,1.0,0.9948321221216034,0.708333001318907
399.3993993993994,1.0,0.991284496530128,0.7083330138435557
400.0,1.0,0.987807560864139,0.70833302607065
